<?xml version="1.0" encoding="UTF-8"?>
<export version="D">
  <design>
    <source>C:\Users\Atomic\Documents\GitHub\DirtyDawg\KiCad\Project.sch</source>
    <date>2016-05-12 14:38:32</date>
    <tool>Eeschema 4.0.2-stable</tool>
    <sheet number="1" name="/" tstamps="/">
      <title_block>
        <title/>
        <company/>
        <rev/>
        <date/>
        <source>Project.sch</source>
        <comment number="1" value=""/>
        <comment number="2" value=""/>
        <comment number="3" value=""/>
        <comment number="4" value=""/>
      </title_block>
    </sheet>
    <sheet number="2" name="/VoltRegulator/" tstamps="/57160B94/">
      <title_block>
        <title/>
        <company/>
        <rev/>
        <date/>
        <source>VoltRegulator.sch</source>
        <comment number="1" value=""/>
        <comment number="2" value=""/>
        <comment number="3" value=""/>
        <comment number="4" value=""/>
      </title_block>
    </sheet>
    <sheet number="3" name="/IR/" tstamps="/571635B2/">
      <title_block>
        <title/>
        <company/>
        <rev/>
        <date/>
        <source>IR.sch</source>
        <comment number="1" value=""/>
        <comment number="2" value=""/>
        <comment number="3" value=""/>
        <comment number="4" value=""/>
      </title_block>
    </sheet>
    <sheet number="4" name="/lights/" tstamps="/57166F5B/">
      <title_block>
        <title/>
        <company/>
        <rev/>
        <date/>
        <source>Lights.sch</source>
        <comment number="1" value=""/>
        <comment number="2" value=""/>
        <comment number="3" value=""/>
        <comment number="4" value=""/>
      </title_block>
    </sheet>
    <sheet number="5" name="/Motor/" tstamps="/571BEA93/">
      <title_block>
        <title/>
        <company/>
        <rev/>
        <date/>
        <source>Motor.sch</source>
        <comment number="1" value=""/>
        <comment number="2" value=""/>
        <comment number="3" value=""/>
        <comment number="4" value=""/>
      </title_block>
    </sheet>
  </design>
  <components>
    <comp ref="IC1">
      <value>ATMEGA328-P</value>
      <footprint>Housings_DIP:DIP-28_W7.62mm</footprint>
      <libsource lib="atmel" part="ATMEGA328-P"/>
      <sheetpath names="/" tstamps="/"/>
      <tstamp>5714DE10</tstamp>
    </comp>
    <comp ref="U1">
      <value>BlueSmirf</value>
      <footprint>Pin_Headers:Pin_Header_Straight_1x06_Pitch2.00mm</footprint>
      <libsource lib="Project-cache" part="BlueSmirf"/>
      <sheetpath names="/" tstamps="/"/>
      <tstamp>5714FF78</tstamp>
    </comp>
    <comp ref="R3">
      <value>Photores</value>
      <footprint>Wire_Connections_Bridges:WireConnection_1.50mmDrill</footprint>
      <libsource lib="device" part="Photores"/>
      <sheetpath names="/" tstamps="/"/>
      <tstamp>5716DAD8</tstamp>
    </comp>
    <comp ref="R2">
      <value>10k</value>
      <footprint>Resistors_ThroughHole:Resistor_Vertical_RM5mm</footprint>
      <libsource lib="device" part="R"/>
      <sheetpath names="/" tstamps="/"/>
      <tstamp>5716E4CF</tstamp>
    </comp>
    <comp ref="Y1">
      <value>Crystal</value>
      <footprint>Crystals:Crystal_HC52-U_Vertical</footprint>
      <libsource lib="device" part="Crystal"/>
      <sheetpath names="/" tstamps="/"/>
      <tstamp>57338CDA</tstamp>
    </comp>
    <comp ref="P1">
      <value>CONN_02X03</value>
      <footprint>Pin_Headers:Pin_Header_Straight_2x03</footprint>
      <libsource lib="conn" part="CONN_02X03"/>
      <sheetpath names="/" tstamps="/"/>
      <tstamp>5733918F</tstamp>
    </comp>
    <comp ref="C1">
      <value>22pF</value>
      <footprint>Capacitors_ThroughHole:C_Disc_D3_P2.5</footprint>
      <libsource lib="device" part="C"/>
      <sheetpath names="/" tstamps="/"/>
      <tstamp>5733CE6C</tstamp>
    </comp>
    <comp ref="C2">
      <value>22pF</value>
      <footprint>Capacitors_ThroughHole:C_Disc_D3_P2.5</footprint>
      <libsource lib="device" part="C"/>
      <sheetpath names="/" tstamps="/"/>
      <tstamp>5733D154</tstamp>
    </comp>
    <comp ref="SW4">
      <value>SW_PUSH</value>
      <footprint>Wire_Connections_Bridges:WireConnection_1.50mmDrill</footprint>
      <libsource lib="device" part="SW_PUSH"/>
      <sheetpath names="/" tstamps="/"/>
      <tstamp>5733F7BC</tstamp>
    </comp>
    <comp ref="R1">
      <value>1k</value>
      <footprint>Resistors_ThroughHole:Resistor_Vertical_RM5mm</footprint>
      <libsource lib="device" part="R"/>
      <sheetpath names="/" tstamps="/"/>
      <tstamp>573423F7</tstamp>
    </comp>
    <comp ref="P2">
      <value>CONN_01X02</value>
      <footprint>Pin_Headers:Pin_Header_Straight_1x02</footprint>
      <libsource lib="conn" part="CONN_01X02"/>
      <sheetpath names="/" tstamps="/"/>
      <tstamp>5734FE54</tstamp>
    </comp>
    <comp ref="U2">
      <value>LM317</value>
      <footprint>TO_SOT_Packages_THT:TO-220_Neutral123_Vertical</footprint>
      <libsource lib="regul" part="LM317_SOT223"/>
      <sheetpath names="/VoltRegulator/" tstamps="/57160B94/"/>
      <tstamp>57160D0E</tstamp>
    </comp>
    <comp ref="R6">
      <value>330</value>
      <footprint>Resistors_ThroughHole:Resistor_Vertical_RM5mm</footprint>
      <libsource lib="device" part="R"/>
      <sheetpath names="/VoltRegulator/" tstamps="/57160B94/"/>
      <tstamp>57161132</tstamp>
    </comp>
    <comp ref="R5">
      <value>1K</value>
      <footprint>Resistors_ThroughHole:Resistor_Vertical_RM5mm</footprint>
      <libsource lib="device" part="R"/>
      <sheetpath names="/VoltRegulator/" tstamps="/57160B94/"/>
      <tstamp>5716119D</tstamp>
    </comp>
    <comp ref="U3">
      <value>LM317</value>
      <footprint>TO_SOT_Packages_THT:TO-220_Neutral123_Vertical</footprint>
      <libsource lib="regul" part="LM317_SOT223"/>
      <sheetpath names="/VoltRegulator/" tstamps="/57160B94/"/>
      <tstamp>571810AE</tstamp>
    </comp>
    <comp ref="R22">
      <value>330</value>
      <footprint>Resistors_ThroughHole:Resistor_Vertical_RM5mm</footprint>
      <libsource lib="device" part="R"/>
      <sheetpath names="/VoltRegulator/" tstamps="/57160B94/"/>
      <tstamp>571810BA</tstamp>
    </comp>
    <comp ref="R7">
      <value>470</value>
      <footprint>Resistors_ThroughHole:Resistor_Vertical_RM5mm</footprint>
      <libsource lib="device" part="R"/>
      <sheetpath names="/VoltRegulator/" tstamps="/57160B94/"/>
      <tstamp>571810C0</tstamp>
    </comp>
    <comp ref="C4">
      <value>1uF</value>
      <footprint>Capacitors_ThroughHole:C_Radial_D5_L6_P2.5</footprint>
      <libsource lib="device" part="CP1"/>
      <sheetpath names="/VoltRegulator/" tstamps="/57160B94/"/>
      <tstamp>571BB487</tstamp>
    </comp>
    <comp ref="C6">
      <value>1uF</value>
      <footprint>Capacitors_ThroughHole:C_Radial_D5_L6_P2.5</footprint>
      <libsource lib="device" part="CP1"/>
      <sheetpath names="/VoltRegulator/" tstamps="/57160B94/"/>
      <tstamp>571BB503</tstamp>
    </comp>
    <comp ref="C3">
      <value>0.1uF</value>
      <footprint>Capacitors_ThroughHole:C_Disc_D3_P2.5</footprint>
      <libsource lib="device" part="C"/>
      <sheetpath names="/VoltRegulator/" tstamps="/57160B94/"/>
      <tstamp>571BBB0A</tstamp>
    </comp>
    <comp ref="C5">
      <value>0.1uF</value>
      <footprint>Capacitors_ThroughHole:C_Disc_D3_P2.5</footprint>
      <libsource lib="device" part="C"/>
      <sheetpath names="/VoltRegulator/" tstamps="/57160B94/"/>
      <tstamp>571BBC58</tstamp>
    </comp>
    <comp ref="IC2">
      <value>ATTINY85-P</value>
      <footprint>Housings_DIP:DIP-8_W7.62mm</footprint>
      <libsource lib="atmel" part="ATTINY85-P"/>
      <sheetpath names="/IR/" tstamps="/571635B2/"/>
      <tstamp>57175B9E</tstamp>
    </comp>
    <comp ref="D9">
      <value>IR_Recieve</value>
      <footprint>Wire_Connections_Bridges:WireConnection_1.50mmDrill</footprint>
      <libsource lib="ir_recieve" part="IR_Recieve"/>
      <sheetpath names="/IR/" tstamps="/571635B2/"/>
      <tstamp>57175BAE</tstamp>
    </comp>
    <comp ref="D7">
      <value>LED</value>
      <footprint>Wire_Connections_Bridges:WireConnection_1.50mmDrill</footprint>
      <libsource lib="device" part="LED"/>
      <sheetpath names="/IR/" tstamps="/571635B2/"/>
      <tstamp>57175BB4</tstamp>
    </comp>
    <comp ref="D11">
      <value>LED</value>
      <footprint>Wire_Connections_Bridges:WireConnection_1.50mmDrill</footprint>
      <libsource lib="device" part="LED"/>
      <sheetpath names="/IR/" tstamps="/571635B2/"/>
      <tstamp>57175BBA</tstamp>
    </comp>
    <comp ref="R16">
      <value>100</value>
      <footprint>Resistors_ThroughHole:Resistor_Vertical_RM5mm</footprint>
      <libsource lib="device" part="R"/>
      <sheetpath names="/IR/" tstamps="/571635B2/"/>
      <tstamp>57175BC0</tstamp>
    </comp>
    <comp ref="R18">
      <value>22</value>
      <footprint>Resistors_ThroughHole:Resistor_Vertical_RM5mm</footprint>
      <libsource lib="device" part="R"/>
      <sheetpath names="/IR/" tstamps="/571635B2/"/>
      <tstamp>57175BE1</tstamp>
    </comp>
    <comp ref="R14">
      <value>22</value>
      <footprint>Resistors_ThroughHole:Resistor_Vertical_RM5mm</footprint>
      <libsource lib="device" part="R"/>
      <sheetpath names="/IR/" tstamps="/571635B2/"/>
      <tstamp>57175BE7</tstamp>
    </comp>
    <comp ref="D3">
      <value>IR_Recieve</value>
      <footprint>Wire_Connections_Bridges:WireConnection_1.50mmDrill</footprint>
      <libsource lib="ir_recieve" part="IR_Recieve"/>
      <sheetpath names="/IR/" tstamps="/571635B2/"/>
      <tstamp>57175BF9</tstamp>
    </comp>
    <comp ref="D1">
      <value>LED</value>
      <footprint>Wire_Connections_Bridges:WireConnection_1.50mmDrill</footprint>
      <libsource lib="device" part="LED"/>
      <sheetpath names="/IR/" tstamps="/571635B2/"/>
      <tstamp>57175BFF</tstamp>
    </comp>
    <comp ref="D5">
      <value>LED</value>
      <footprint>Wire_Connections_Bridges:WireConnection_1.50mmDrill</footprint>
      <libsource lib="device" part="LED"/>
      <sheetpath names="/IR/" tstamps="/571635B2/"/>
      <tstamp>57175C05</tstamp>
    </comp>
    <comp ref="R10">
      <value>100</value>
      <footprint>Resistors_ThroughHole:Resistor_Vertical_RM5mm</footprint>
      <libsource lib="device" part="R"/>
      <sheetpath names="/IR/" tstamps="/571635B2/"/>
      <tstamp>57175C0B</tstamp>
    </comp>
    <comp ref="Q2">
      <value>Q_NPN_BCE</value>
      <footprint>TO_SOT_Packages_THT:TO-92_Inline_Narrow_Oval</footprint>
      <libsource lib="device" part="Q_NPN_BCE"/>
      <sheetpath names="/IR/" tstamps="/571635B2/"/>
      <tstamp>57175C18</tstamp>
    </comp>
    <comp ref="R20">
      <value>1K</value>
      <footprint>Resistors_ThroughHole:Resistor_Vertical_RM5mm</footprint>
      <libsource lib="device" part="R"/>
      <sheetpath names="/IR/" tstamps="/571635B2/"/>
      <tstamp>57175C25</tstamp>
    </comp>
    <comp ref="R12">
      <value>22</value>
      <footprint>Resistors_ThroughHole:Resistor_Vertical_RM5mm</footprint>
      <libsource lib="device" part="R"/>
      <sheetpath names="/IR/" tstamps="/571635B2/"/>
      <tstamp>57175C2C</tstamp>
    </comp>
    <comp ref="R8">
      <value>22</value>
      <footprint>Resistors_ThroughHole:Resistor_Vertical_RM5mm</footprint>
      <libsource lib="device" part="R"/>
      <sheetpath names="/IR/" tstamps="/571635B2/"/>
      <tstamp>57175C32</tstamp>
    </comp>
    <comp ref="IC3">
      <value>ATTINY85-P</value>
      <footprint>Housings_DIP:DIP-8_W7.62mm</footprint>
      <libsource lib="atmel" part="ATTINY85-P"/>
      <sheetpath names="/IR/" tstamps="/571635B2/"/>
      <tstamp>5735BACE</tstamp>
    </comp>
    <comp ref="D10">
      <value>IR_Recieve</value>
      <footprint>Wire_Connections_Bridges:WireConnection_1.50mmDrill</footprint>
      <libsource lib="ir_recieve" part="IR_Recieve"/>
      <sheetpath names="/IR/" tstamps="/571635B2/"/>
      <tstamp>5735BADB</tstamp>
    </comp>
    <comp ref="D8">
      <value>LED</value>
      <footprint>Wire_Connections_Bridges:WireConnection_1.50mmDrill</footprint>
      <libsource lib="device" part="LED"/>
      <sheetpath names="/IR/" tstamps="/571635B2/"/>
      <tstamp>5735BAE1</tstamp>
    </comp>
    <comp ref="D12">
      <value>LED</value>
      <footprint>Wire_Connections_Bridges:WireConnection_1.50mmDrill</footprint>
      <libsource lib="device" part="LED"/>
      <sheetpath names="/IR/" tstamps="/571635B2/"/>
      <tstamp>5735BAE7</tstamp>
    </comp>
    <comp ref="R15">
      <value>100</value>
      <footprint>Resistors_ThroughHole:Resistor_Vertical_RM5mm</footprint>
      <libsource lib="device" part="R"/>
      <sheetpath names="/IR/" tstamps="/571635B2/"/>
      <tstamp>5735BAED</tstamp>
    </comp>
    <comp ref="R17">
      <value>22</value>
      <footprint>Resistors_ThroughHole:Resistor_Vertical_RM5mm</footprint>
      <libsource lib="device" part="R"/>
      <sheetpath names="/IR/" tstamps="/571635B2/"/>
      <tstamp>5735BAF3</tstamp>
    </comp>
    <comp ref="R13">
      <value>22</value>
      <footprint>Resistors_ThroughHole:Resistor_Vertical_RM5mm</footprint>
      <libsource lib="device" part="R"/>
      <sheetpath names="/IR/" tstamps="/571635B2/"/>
      <tstamp>5735BAF9</tstamp>
    </comp>
    <comp ref="D4">
      <value>IR_Recieve</value>
      <footprint>Wire_Connections_Bridges:WireConnection_1.50mmDrill</footprint>
      <libsource lib="ir_recieve" part="IR_Recieve"/>
      <sheetpath names="/IR/" tstamps="/571635B2/"/>
      <tstamp>5735BB00</tstamp>
    </comp>
    <comp ref="D2">
      <value>LED</value>
      <footprint>Wire_Connections_Bridges:WireConnection_1.50mmDrill</footprint>
      <libsource lib="device" part="LED"/>
      <sheetpath names="/IR/" tstamps="/571635B2/"/>
      <tstamp>5735BB06</tstamp>
    </comp>
    <comp ref="D6">
      <value>LED</value>
      <footprint>Wire_Connections_Bridges:WireConnection_1.50mmDrill</footprint>
      <libsource lib="device" part="LED"/>
      <sheetpath names="/IR/" tstamps="/571635B2/"/>
      <tstamp>5735BB0C</tstamp>
    </comp>
    <comp ref="R9">
      <value>100</value>
      <footprint>Resistors_ThroughHole:Resistor_Vertical_RM5mm</footprint>
      <libsource lib="device" part="R"/>
      <sheetpath names="/IR/" tstamps="/571635B2/"/>
      <tstamp>5735BB12</tstamp>
    </comp>
    <comp ref="Q1">
      <value>Q_NPN_BCE</value>
      <footprint>TO_SOT_Packages_THT:TO-92_Inline_Narrow_Oval</footprint>
      <libsource lib="device" part="Q_NPN_BCE"/>
      <sheetpath names="/IR/" tstamps="/571635B2/"/>
      <tstamp>5735BB18</tstamp>
    </comp>
    <comp ref="R19">
      <value>1K</value>
      <footprint>Resistors_ThroughHole:Resistor_Vertical_RM5mm</footprint>
      <libsource lib="device" part="R"/>
      <sheetpath names="/IR/" tstamps="/571635B2/"/>
      <tstamp>5735BB24</tstamp>
    </comp>
    <comp ref="R11">
      <value>22</value>
      <footprint>Resistors_ThroughHole:Resistor_Vertical_RM5mm</footprint>
      <libsource lib="device" part="R"/>
      <sheetpath names="/IR/" tstamps="/571635B2/"/>
      <tstamp>5735BB2A</tstamp>
    </comp>
    <comp ref="R4">
      <value>22</value>
      <footprint>Resistors_ThroughHole:Resistor_Vertical_RM5mm</footprint>
      <libsource lib="device" part="R"/>
      <sheetpath names="/IR/" tstamps="/571635B2/"/>
      <tstamp>5735BB30</tstamp>
    </comp>
    <comp ref="P6">
      <value>CONN_02X03</value>
      <footprint>Pin_Headers:Pin_Header_Straight_2x03</footprint>
      <libsource lib="conn" part="CONN_02X03"/>
      <sheetpath names="/IR/" tstamps="/571635B2/"/>
      <tstamp>5735BDC8</tstamp>
    </comp>
    <comp ref="P3">
      <value>CONN_01X02</value>
      <footprint>Pin_Headers:Pin_Header_Straight_2x01</footprint>
      <libsource lib="conn" part="CONN_01X02"/>
      <sheetpath names="/IR/" tstamps="/571635B2/"/>
      <tstamp>5735D811</tstamp>
    </comp>
    <comp ref="P4">
      <value>CONN_01X02</value>
      <footprint>Pin_Headers:Pin_Header_Straight_2x01</footprint>
      <libsource lib="conn" part="CONN_01X02"/>
      <sheetpath names="/IR/" tstamps="/571635B2/"/>
      <tstamp>5735DC6A</tstamp>
    </comp>
    <comp ref="P5">
      <value>CONN_02X04</value>
      <footprint>Pin_Headers:Pin_Header_Straight_2x04</footprint>
      <libsource lib="conn" part="CONN_02X04"/>
      <sheetpath names="/IR/" tstamps="/571635B2/"/>
      <tstamp>5735F18B</tstamp>
    </comp>
    <comp ref="D13">
      <value>LED</value>
      <footprint>Wire_Connections_Bridges:WireConnection_1.50mmDrill</footprint>
      <libsource lib="device" part="LED"/>
      <sheetpath names="/lights/" tstamps="/57166F5B/"/>
      <tstamp>57167226</tstamp>
    </comp>
    <comp ref="D15">
      <value>LED</value>
      <footprint>Wire_Connections_Bridges:WireConnection_1.50mmDrill</footprint>
      <libsource lib="device" part="LED"/>
      <sheetpath names="/lights/" tstamps="/57166F5B/"/>
      <tstamp>571672D8</tstamp>
    </comp>
    <comp ref="D14">
      <value>LED</value>
      <footprint>Wire_Connections_Bridges:WireConnection_1.50mmDrill</footprint>
      <libsource lib="device" part="LED"/>
      <sheetpath names="/lights/" tstamps="/57166F5B/"/>
      <tstamp>571673C6</tstamp>
    </comp>
    <comp ref="D16">
      <value>LED</value>
      <footprint>Wire_Connections_Bridges:WireConnection_1.50mmDrill</footprint>
      <libsource lib="device" part="LED"/>
      <sheetpath names="/lights/" tstamps="/57166F5B/"/>
      <tstamp>5716743B</tstamp>
    </comp>
    <comp ref="Q4">
      <value>Q_NPN_BCE</value>
      <footprint>TO_SOT_Packages_THT:TO-92_Inline_Narrow_Oval</footprint>
      <libsource lib="device" part="Q_NPN_BCE"/>
      <sheetpath names="/lights/" tstamps="/57166F5B/"/>
      <tstamp>571675BE</tstamp>
    </comp>
    <comp ref="Q5">
      <value>NPN</value>
      <footprint>TO_SOT_Packages_THT:TO-92_Inline_Narrow_Oval</footprint>
      <libsource lib="device" part="Q_NPN_BCE"/>
      <sheetpath names="/lights/" tstamps="/57166F5B/"/>
      <tstamp>57167694</tstamp>
    </comp>
    <comp ref="R29">
      <value>1K</value>
      <footprint>Resistors_ThroughHole:Resistor_Vertical_RM5mm</footprint>
      <libsource lib="device" part="R"/>
      <sheetpath names="/lights/" tstamps="/57166F5B/"/>
      <tstamp>5716799C</tstamp>
    </comp>
    <comp ref="R30">
      <value>1K</value>
      <footprint>Resistors_ThroughHole:Resistor_Vertical_RM5mm</footprint>
      <libsource lib="device" part="R"/>
      <sheetpath names="/lights/" tstamps="/57166F5B/"/>
      <tstamp>57167A65</tstamp>
    </comp>
    <comp ref="R32">
      <value>10</value>
      <footprint>Resistors_ThroughHole:Resistor_Vertical_RM5mm</footprint>
      <libsource lib="device" part="R"/>
      <sheetpath names="/lights/" tstamps="/57166F5B/"/>
      <tstamp>57167B98</tstamp>
    </comp>
    <comp ref="R33">
      <value>10</value>
      <footprint>Resistors_ThroughHole:Resistor_Vertical_RM5mm</footprint>
      <libsource lib="device" part="R"/>
      <sheetpath names="/lights/" tstamps="/57166F5B/"/>
      <tstamp>571684E0</tstamp>
    </comp>
    <comp ref="R31">
      <value>22</value>
      <footprint>Resistors_ThroughHole:Resistor_Vertical_RM5mm</footprint>
      <libsource lib="device" part="R"/>
      <sheetpath names="/lights/" tstamps="/57166F5B/"/>
      <tstamp>571B4C7D</tstamp>
    </comp>
    <comp ref="R37">
      <value>22</value>
      <footprint>Resistors_ThroughHole:Resistor_Vertical_RM5mm</footprint>
      <libsource lib="device" part="R"/>
      <sheetpath names="/lights/" tstamps="/57166F5B/"/>
      <tstamp>571B5113</tstamp>
    </comp>
    <comp ref="U6">
      <value>SN754410NE</value>
      <footprint>Housings_DIP:DIP-16_W7.62mm_LongPads</footprint>
      <libsource lib="SN754410NE" part="SN754410NE"/>
      <sheetpath names="/Motor/" tstamps="/571BEA93/"/>
      <tstamp>571C28D3</tstamp>
    </comp>
    <comp ref="M1">
      <value>Motor</value>
      <footprint>Wire_Connections_Bridges:WireConnection_1.50mmDrill</footprint>
      <libsource lib="motor" part="Motor"/>
      <sheetpath names="/Motor/" tstamps="/571BEA93/"/>
      <tstamp>571C29B6</tstamp>
    </comp>
    <comp ref="M2">
      <value>Motor</value>
      <footprint>Wire_Connections_Bridges:WireConnection_1.50mmDrill</footprint>
      <libsource lib="motor" part="Motor"/>
      <sheetpath names="/Motor/" tstamps="/571BEA93/"/>
      <tstamp>571C3169</tstamp>
    </comp>
    <comp ref="R38">
      <value>56</value>
      <footprint>Resistors_ThroughHole:Resistor_Vertical_RM5mm</footprint>
      <libsource lib="device" part="R"/>
      <sheetpath names="/Motor/" tstamps="/571BEA93/"/>
      <tstamp>571DE5C4</tstamp>
    </comp>
    <comp ref="R39">
      <value>56</value>
      <footprint>Resistors_ThroughHole:Resistor_Vertical_RM5mm</footprint>
      <libsource lib="device" part="R"/>
      <sheetpath names="/Motor/" tstamps="/571BEA93/"/>
      <tstamp>571DE5F1</tstamp>
    </comp>
  </components>
  <libparts>
    <libpart lib="atmel" part="ATMEGA168A-P">
      <aliases>
        <alias>ATMEGA48A-P</alias>
        <alias>ATMEGA48PA-P</alias>
        <alias>ATMEGA88A-P</alias>
        <alias>ATMEGA88PA-P</alias>
        <alias>ATMEGA168PA-P</alias>
        <alias>ATMEGA328-P</alias>
        <alias>ATMEGA328P-P</alias>
      </aliases>
      <description>PDIP28 Narrow, 16k Flash, 1kB SRAM, 512B EEPROM</description>
      <docs>http://www.atmel.com/images/atmel-8271-8-bit-avr-microcontroller-atmega48a-48pa-88a-88pa-168a-168pa-328-328p_datasheet.pdf</docs>
      <footprints>
        <fp>28DIP-ELL600</fp>
        <fp>28dip600</fp>
      </footprints>
      <fields>
        <field name="Reference">IC</field>
        <field name="Value">ATMEGA168A-P</field>
        <field name="Footprint">DIL28</field>
      </fields>
      <pins>
        <pin num="1" name="(PCINT14/~RESET~)PC6" type="BiDi"/>
        <pin num="2" name="(PCINT16/RXD)PD0" type="BiDi"/>
        <pin num="3" name="(PCINT17/TXD)PD1" type="BiDi"/>
        <pin num="4" name="(PCINT18/INT0)PD2" type="BiDi"/>
        <pin num="5" name="(PCINT19/OC2B/INT1)PD3" type="BiDi"/>
        <pin num="6" name="(PCINT20/XCK/T0)PD4" type="BiDi"/>
        <pin num="7" name="VCC" type="power_in"/>
        <pin num="8" name="GND" type="power_in"/>
        <pin num="9" name="(PCINT6/XTAL1/TOSC1)PB6" type="BiDi"/>
        <pin num="10" name="(PCINT7/XTAL2/TOSC2)PB7" type="BiDi"/>
        <pin num="11" name="(PCINT21/OC0B/T1)PD5" type="BiDi"/>
        <pin num="12" name="(PCINT22/OC0A/AIN0)PD6" type="BiDi"/>
        <pin num="13" name="(PCINT23/AIN1)PD7" type="BiDi"/>
        <pin num="14" name="(PCINT0/CLKO/ICP1)PB0" type="BiDi"/>
        <pin num="15" name="(PCINT1/OC1A)PB1" type="BiDi"/>
        <pin num="16" name="(PCINT2/OC1B/~SS~)PB2" type="BiDi"/>
        <pin num="17" name="(PCINT3/OC2A/MOSI)PB3" type="BiDi"/>
        <pin num="18" name="(PCINT4/MISO)PB4" type="BiDi"/>
        <pin num="19" name="(PCINT5/SCK)PB5" type="BiDi"/>
        <pin num="20" name="AVCC" type="power_in"/>
        <pin num="21" name="AREF" type="BiDi"/>
        <pin num="22" name="GND" type="power_in"/>
        <pin num="23" name="(PCINT8/ADC0)PC0" type="BiDi"/>
        <pin num="24" name="(PCINT9/ADC1)PC1" type="BiDi"/>
        <pin num="25" name="(PCINT10/ADC2)PC2" type="BiDi"/>
        <pin num="26" name="(PCINT11/ADC3)PC3" type="BiDi"/>
        <pin num="27" name="(PCINT12/SDA/ADC4)PC4" type="BiDi"/>
        <pin num="28" name="(PCINT13/SCL/ADC5)PC5" type="BiDi"/>
      </pins>
    </libpart>
    <libpart lib="atmel" part="ATTINY25-P">
      <aliases>
        <alias>ATTINY45-P</alias>
        <alias>ATTINY85-P</alias>
      </aliases>
      <description>PDIP8, 2k Flash, 128B SRAM, 128B EEPROM, Debug Wire</description>
      <docs>http://www.atmel.com/images/atmel-2586-avr-8-bit-microcontroller-attiny25-attiny45-attiny85_datasheet.pdf</docs>
      <fields>
        <field name="Reference">IC</field>
        <field name="Value">ATTINY25-P</field>
        <field name="Footprint">DIP8</field>
      </fields>
      <pins>
        <pin num="1" name="PB5(~RESET~/dW/ADC0/PCINT5)" type="BiDi"/>
        <pin num="2" name="PB3(XTAL1/CLKI/OC1B/ADC3/PCINT3)" type="BiDi"/>
        <pin num="3" name="PB4(XTAL2/CLKO/OC1B/ADC2/PCINT4)" type="BiDi"/>
        <pin num="4" name="GND" type="power_in"/>
        <pin num="5" name="PB0(MOSI/DI/SDA/AIN0/OC0A/OC1A/AREF/PCINT0)" type="BiDi"/>
        <pin num="6" name="PB1(MISO/DO/AIN1/OC0B/OC1A/PCINT1)" type="BiDi"/>
        <pin num="7" name="PB2(SCK/USCK/SCL/T0/INT0/ADC1/PCINT2)" type="BiDi"/>
        <pin num="8" name="VCC" type="power_in"/>
      </pins>
    </libpart>
    <libpart lib="Project-cache" part="BlueSmirf">
      <fields>
        <field name="Reference">U</field>
        <field name="Value">BlueSmirf</field>
      </fields>
      <pins>
        <pin num="1" name="CTS_5V" type="input"/>
        <pin num="2" name="VCC" type="input"/>
        <pin num="3" name="GND" type="input"/>
        <pin num="4" name="TX_5V" type="input"/>
        <pin num="5" name="RX_5V" type="input"/>
        <pin num="6" name="RTS_5V" type="input"/>
      </pins>
    </libpart>
    <libpart lib="device" part="C">
      <description>Unpolarized capacitor</description>
      <footprints>
        <fp>C?</fp>
        <fp>C_????_*</fp>
        <fp>C_????</fp>
        <fp>SMD*_c</fp>
        <fp>Capacitor*</fp>
      </footprints>
      <fields>
        <field name="Reference">C</field>
        <field name="Value">C</field>
      </fields>
      <pins>
        <pin num="1" name="~" type="passive"/>
        <pin num="2" name="~" type="passive"/>
      </pins>
    </libpart>
    <libpart lib="conn" part="CONN_01X02">
      <description>Connector 01x02</description>
      <footprints>
        <fp>Pin_Header_Straight_1X02</fp>
        <fp>Pin_Header_Angled_1X02</fp>
        <fp>Socket_Strip_Straight_1X02</fp>
        <fp>Socket_Strip_Angled_1X02</fp>
      </footprints>
      <fields>
        <field name="Reference">P</field>
        <field name="Value">CONN_01X02</field>
      </fields>
      <pins>
        <pin num="1" name="P1" type="passive"/>
        <pin num="2" name="P2" type="passive"/>
      </pins>
    </libpart>
    <libpart lib="conn" part="CONN_02X03">
      <description>Connector 02x03</description>
      <footprints>
        <fp>Pin_Header_Straight_2X03</fp>
        <fp>Pin_Header_Angled_2X03</fp>
        <fp>Socket_Strip_Straight_2X03</fp>
        <fp>Socket_Strip_Angled_2X03</fp>
      </footprints>
      <fields>
        <field name="Reference">P</field>
        <field name="Value">CONN_02X03</field>
      </fields>
      <pins>
        <pin num="1" name="P1" type="passive"/>
        <pin num="2" name="P2" type="passive"/>
        <pin num="3" name="P3" type="passive"/>
        <pin num="4" name="P4" type="passive"/>
        <pin num="5" name="P5" type="passive"/>
        <pin num="6" name="P6" type="passive"/>
      </pins>
    </libpart>
    <libpart lib="conn" part="CONN_02X04">
      <description>Connector 02x04</description>
      <footprints>
        <fp>Pin_Header_Straight_2X04</fp>
        <fp>Pin_Header_Angled_2X04</fp>
        <fp>Socket_Strip_Straight_2X04</fp>
        <fp>Socket_Strip_Angled_2X04</fp>
      </footprints>
      <fields>
        <field name="Reference">P</field>
        <field name="Value">CONN_02X04</field>
      </fields>
      <pins>
        <pin num="1" name="P1" type="passive"/>
        <pin num="2" name="P2" type="passive"/>
        <pin num="3" name="P3" type="passive"/>
        <pin num="4" name="P4" type="passive"/>
        <pin num="5" name="P5" type="passive"/>
        <pin num="6" name="P6" type="passive"/>
        <pin num="7" name="P7" type="passive"/>
        <pin num="8" name="P8" type="passive"/>
      </pins>
    </libpart>
    <libpart lib="device" part="CP1">
      <description>Polarised capacitor</description>
      <footprints>
        <fp>SMD*_Pol</fp>
        <fp>c_elec*</fp>
        <fp>C*elec</fp>
        <fp>TantalC*</fp>
        <fp>Elko*</fp>
        <fp>CP*</fp>
      </footprints>
      <fields>
        <field name="Reference">C</field>
        <field name="Value">CP1</field>
      </fields>
      <pins>
        <pin num="1" name="~" type="passive"/>
        <pin num="2" name="~" type="passive"/>
      </pins>
    </libpart>
    <libpart lib="device" part="Crystal">
      <description>Two pin crystal</description>
      <footprints>
        <fp>Crystal_*</fp>
      </footprints>
      <fields>
        <field name="Reference">Y</field>
        <field name="Value">Crystal</field>
      </fields>
      <pins>
        <pin num="1" name="1" type="passive"/>
        <pin num="2" name="2" type="passive"/>
      </pins>
    </libpart>
    <libpart lib="ir_recieve" part="IR_Recieve">
      <footprints>
        <fp>LED-3MM</fp>
        <fp>LED-5MM</fp>
        <fp>LED-10MM</fp>
        <fp>LED-0603</fp>
        <fp>LED-0805</fp>
        <fp>LED-1206</fp>
        <fp>LEDV</fp>
      </footprints>
      <fields>
        <field name="Reference">D</field>
        <field name="Value">IR_Recieve</field>
      </fields>
      <pins>
        <pin num="1" name="K" type="passive"/>
        <pin num="2" name="A" type="passive"/>
      </pins>
    </libpart>
    <libpart lib="device" part="LED">
      <footprints>
        <fp>LED-3MM</fp>
        <fp>LED-5MM</fp>
        <fp>LED-10MM</fp>
        <fp>LED-0603</fp>
        <fp>LED-0805</fp>
        <fp>LED-1206</fp>
        <fp>LEDV</fp>
      </footprints>
      <fields>
        <field name="Reference">D</field>
        <field name="Value">LED</field>
      </fields>
      <pins>
        <pin num="1" name="K" type="passive"/>
        <pin num="2" name="A" type="passive"/>
      </pins>
    </libpart>
    <libpart lib="regul" part="LM317_SOT223">
      <description>Linear Regulator (adjustable)</description>
      <docs>regulator/lm117.pdf</docs>
      <fields>
        <field name="Reference">U</field>
        <field name="Value">LM317_SOT223</field>
      </fields>
      <pins>
        <pin num="1" name="ADJ" type="input"/>
        <pin num="2" name="OUT" type="power_out"/>
        <pin num="3" name="IN" type="input"/>
      </pins>
    </libpart>
    <libpart lib="motor" part="Motor">
      <fields>
        <field name="Reference">M</field>
        <field name="Value">Motor</field>
      </fields>
      <pins>
        <pin num="1" name="~" type="3state"/>
        <pin num="2" name="~" type="3state"/>
      </pins>
    </libpart>
    <libpart lib="device" part="Photores">
      <footprints>
        <fp>R?</fp>
        <fp>R?-*</fp>
      </footprints>
      <fields>
        <field name="Reference">R</field>
        <field name="Value">Photores</field>
      </fields>
      <pins>
        <pin num="1" name="~" type="passive"/>
        <pin num="2" name="~" type="passive"/>
      </pins>
    </libpart>
    <libpart lib="device" part="Q_NPN_BCE">
      <description>Transistor NPN (general)</description>
      <fields>
        <field name="Reference">Q</field>
        <field name="Value">Q_NPN_BCE</field>
      </fields>
      <pins>
        <pin num="1" name="B" type="input"/>
        <pin num="2" name="C" type="passive"/>
        <pin num="3" name="E" type="passive"/>
      </pins>
    </libpart>
    <libpart lib="device" part="R">
      <description>Resistor</description>
      <footprints>
        <fp>R_*</fp>
        <fp>Resistor_*</fp>
      </footprints>
      <fields>
        <field name="Reference">R</field>
        <field name="Value">R</field>
      </fields>
      <pins>
        <pin num="1" name="~" type="passive"/>
        <pin num="2" name="~" type="passive"/>
      </pins>
    </libpart>
    <libpart lib="SN754410NE" part="SN754410NE">
      <description>8 bits serial in // out Shift Register 3 State Out</description>
      <docs>74xx/74HC595.pdf</docs>
      <fields>
        <field name="Reference">U</field>
        <field name="Value">SN754410NE</field>
      </fields>
      <pins>
        <pin num="1" name="1,2EN" type="3state"/>
        <pin num="2" name="1A" type="3state"/>
        <pin num="3" name="1Y" type="3state"/>
        <pin num="4" name="GND" type="3state"/>
        <pin num="5" name="GND" type="3state"/>
        <pin num="6" name="2Y" type="3state"/>
        <pin num="7" name="2A" type="3state"/>
        <pin num="8" name="VCC2" type="input"/>
        <pin num="9" name="3,4EN" type="input"/>
        <pin num="10" name="3A" type="input"/>
        <pin num="11" name="3Y" type="input"/>
        <pin num="12" name="GND" type="input"/>
        <pin num="13" name="GND" type="input"/>
        <pin num="14" name="4Y" type="input"/>
        <pin num="15" name="4A" type="3state"/>
        <pin num="16" name="VCC1" type="input"/>
      </pins>
    </libpart>
    <libpart lib="device" part="SW_PUSH">
      <description>Button</description>
      <fields>
        <field name="Reference">SW</field>
        <field name="Value">SW_PUSH</field>
      </fields>
      <pins>
        <pin num="1" name="1" type="passive"/>
        <pin num="2" name="2" type="passive"/>
      </pins>
    </libpart>
  </libparts>
  <libraries>
    <library logical="device">
      <uri>C:\Program Files\KiCad\share\kicad\library\device.lib</uri>
    </library>
    <library logical="conn">
      <uri>C:\Program Files\KiCad\share\kicad\library\conn.lib</uri>
    </library>
    <library logical="regul">
      <uri>C:\Program Files\KiCad\share\kicad\library\regul.lib</uri>
    </library>
    <library logical="atmel">
      <uri>C:\Program Files\KiCad\share\kicad\library\atmel.lib</uri>
    </library>
    <library logical="ir_recieve">
      <uri>C:\Users\Atomic\Documents\GitHub\DirtyDawg\KiCad\ir_recieve.lib</uri>
    </library>
    <library logical="SN754410NE">
      <uri>C:\Users\Atomic\Documents\GitHub\DirtyDawg\KiCad\SN754410NE.lib</uri>
    </library>
    <library logical="Project-cache">
      <uri>C:\Users\Atomic\Documents\GitHub\DirtyDawg\KiCad\Project-cache.lib</uri>
    </library>
    <library logical="motor">
      <uri>C:\Users\Atomic\Documents\GitHub\DirtyDawg\KiCad\motor.lib</uri>
    </library>
  </libraries>
  <nets>
    <net code="1" name="GND">
      <node ref="IC2" pin="4"/>
      <node ref="C5" pin="2"/>
      <node ref="C3" pin="2"/>
      <node ref="R5" pin="2"/>
      <node ref="IC1" pin="8"/>
      <node ref="U1" pin="3"/>
      <node ref="IC1" pin="22"/>
      <node ref="R2" pin="2"/>
      <node ref="C6" pin="2"/>
      <node ref="C4" pin="2"/>
      <node ref="Q5" pin="3"/>
      <node ref="Q4" pin="3"/>
      <node ref="P6" pin="4"/>
      <node ref="Q2" pin="3"/>
      <node ref="IC3" pin="4"/>
      <node ref="U6" pin="5"/>
      <node ref="R7" pin="2"/>
      <node ref="U6" pin="13"/>
      <node ref="U6" pin="12"/>
      <node ref="U6" pin="4"/>
      <node ref="Q1" pin="3"/>
      <node ref="R1" pin="1"/>
      <node ref="P1" pin="4"/>
      <node ref="C2" pin="1"/>
      <node ref="C1" pin="1"/>
    </net>
    <net code="2" name="Net-(C1-Pad2)">
      <node ref="IC1" pin="9"/>
      <node ref="Y1" pin="1"/>
      <node ref="C1" pin="2"/>
    </net>
    <net code="3" name="Net-(C2-Pad2)">
      <node ref="Y1" pin="2"/>
      <node ref="IC1" pin="10"/>
      <node ref="C2" pin="2"/>
    </net>
    <net code="4" name="/Motor/Left">
      <node ref="IC1" pin="11"/>
      <node ref="U6" pin="10"/>
    </net>
    <net code="5" name="/Motor/Right">
      <node ref="IC1" pin="12"/>
      <node ref="U6" pin="15"/>
    </net>
    <net code="6" name="Net-(P1-Pad2)">
      <node ref="P1" pin="2"/>
    </net>
    <net code="7" name="Net-(IC1-Pad18)">
      <node ref="P1" pin="3"/>
      <node ref="IC1" pin="18"/>
    </net>
    <net code="8" name="Net-(IC1-Pad19)">
      <node ref="P1" pin="5"/>
      <node ref="IC1" pin="19"/>
    </net>
    <net code="9" name="Net-(IC1-Pad1)">
      <node ref="IC1" pin="1"/>
      <node ref="P1" pin="6"/>
    </net>
    <net code="10" name="/Motor/Forw.">
      <node ref="P1" pin="1"/>
      <node ref="IC1" pin="17"/>
      <node ref="U6" pin="2"/>
    </net>
    <net code="11" name="/Motor/Backw.">
      <node ref="IC1" pin="5"/>
      <node ref="U6" pin="7"/>
    </net>
    <net code="12" name="Net-(U1-Pad6)">
      <node ref="U1" pin="6"/>
    </net>
    <net code="13" name="Net-(U1-Pad1)">
      <node ref="U1" pin="1"/>
    </net>
    <net code="14" name="Net-(IC1-Pad15)">
      <node ref="IC1" pin="15"/>
    </net>
    <net code="15" name="Net-(IC1-Pad16)">
      <node ref="IC1" pin="16"/>
    </net>
    <net code="16" name="Net-(IC1-Pad24)">
      <node ref="IC1" pin="24"/>
    </net>
    <net code="17" name="Net-(IC1-Pad25)">
      <node ref="IC1" pin="25"/>
    </net>
    <net code="18" name="Net-(IC1-Pad6)">
      <node ref="IC1" pin="6"/>
    </net>
    <net code="19" name="Net-(IC1-Pad13)">
      <node ref="IC1" pin="13"/>
    </net>
    <net code="20" name="Net-(IC1-Pad20)">
      <node ref="IC1" pin="20"/>
    </net>
    <net code="21" name="Net-(IC1-Pad4)">
      <node ref="SW4" pin="1"/>
      <node ref="R1" pin="2"/>
      <node ref="IC1" pin="4"/>
    </net>
    <net code="22" name="/lights/Brake">
      <node ref="R30" pin="2"/>
      <node ref="IC1" pin="14"/>
    </net>
    <net code="23" name="/lights/Headlight">
      <node ref="IC1" pin="26"/>
      <node ref="R29" pin="2"/>
    </net>
    <net code="24" name="Net-(IC1-Pad2)">
      <node ref="IC1" pin="2"/>
      <node ref="P2" pin="1"/>
      <node ref="U1" pin="4"/>
    </net>
    <net code="25" name="+9V">
      <node ref="C5" pin="1"/>
      <node ref="C3" pin="1"/>
      <node ref="U3" pin="3"/>
      <node ref="U2" pin="3"/>
      <node ref="U6" pin="8"/>
    </net>
    <net code="26" name="/IR/3V">
      <node ref="R11" pin="1"/>
      <node ref="U3" pin="2"/>
      <node ref="R4" pin="1"/>
      <node ref="R22" pin="1"/>
      <node ref="R14" pin="1"/>
      <node ref="R18" pin="1"/>
      <node ref="R12" pin="1"/>
      <node ref="R13" pin="1"/>
      <node ref="R8" pin="1"/>
      <node ref="R17" pin="1"/>
      <node ref="C6" pin="1"/>
    </net>
    <net code="27" name="/IR/SCL">
      <node ref="P3" pin="1"/>
      <node ref="P4" pin="1"/>
      <node ref="IC1" pin="28"/>
    </net>
    <net code="28" name="Net-(IC1-Pad3)">
      <node ref="P2" pin="2"/>
      <node ref="IC1" pin="3"/>
      <node ref="U1" pin="5"/>
    </net>
    <net code="29" name="/IR/5V">
      <node ref="SW4" pin="2"/>
      <node ref="R15" pin="1"/>
      <node ref="IC1" pin="7"/>
      <node ref="R9" pin="1"/>
      <node ref="R33" pin="1"/>
      <node ref="U1" pin="2"/>
      <node ref="R16" pin="1"/>
      <node ref="IC3" pin="8"/>
      <node ref="R32" pin="1"/>
      <node ref="R6" pin="1"/>
      <node ref="IC2" pin="8"/>
      <node ref="C4" pin="1"/>
      <node ref="R3" pin="2"/>
      <node ref="U6" pin="16"/>
      <node ref="U6" pin="1"/>
      <node ref="U2" pin="2"/>
      <node ref="R10" pin="1"/>
      <node ref="U6" pin="9"/>
    </net>
    <net code="30" name="Net-(IC1-Pad21)">
      <node ref="IC1" pin="21"/>
    </net>
    <net code="31" name="/IR/SDA">
      <node ref="P5" pin="3"/>
      <node ref="IC1" pin="27"/>
      <node ref="IC3" pin="5"/>
      <node ref="P5" pin="1"/>
      <node ref="IC2" pin="5"/>
    </net>
    <net code="32" name="Net-(IC1-Pad23)">
      <node ref="R3" pin="1"/>
      <node ref="IC1" pin="23"/>
      <node ref="R2" pin="1"/>
    </net>
    <net code="33" name="Net-(R5-Pad1)">
      <node ref="U2" pin="1"/>
      <node ref="R6" pin="2"/>
      <node ref="R5" pin="1"/>
    </net>
    <net code="34" name="Net-(R22-Pad2)">
      <node ref="R7" pin="1"/>
      <node ref="R22" pin="2"/>
      <node ref="U3" pin="1"/>
    </net>
    <net code="35" name="/IR/Signal">
      <node ref="D9" pin="2"/>
      <node ref="R9" pin="2"/>
      <node ref="IC2" pin="3"/>
      <node ref="IC2" pin="2"/>
      <node ref="R15" pin="2"/>
      <node ref="IC3" pin="3"/>
      <node ref="IC3" pin="2"/>
      <node ref="D4" pin="2"/>
      <node ref="D3" pin="2"/>
      <node ref="D10" pin="2"/>
      <node ref="R16" pin="2"/>
      <node ref="R10" pin="2"/>
    </net>
    <net code="36" name="Net-(Q1-Pad1)">
      <node ref="Q1" pin="1"/>
      <node ref="R19" pin="2"/>
    </net>
    <net code="37" name="Net-(D6-Pad2)">
      <node ref="D6" pin="2"/>
      <node ref="R11" pin="2"/>
    </net>
    <net code="38" name="Net-(D2-Pad2)">
      <node ref="R4" pin="2"/>
      <node ref="D2" pin="2"/>
    </net>
    <net code="39" name="Net-(P5-Pad2)">
      <node ref="P6" pin="1"/>
      <node ref="P5" pin="2"/>
      <node ref="P5" pin="4"/>
    </net>
    <net code="40" name="Net-(P6-Pad2)">
      <node ref="P6" pin="2"/>
    </net>
    <net code="41" name="Net-(D10-Pad1)">
      <node ref="D6" pin="1"/>
      <node ref="D10" pin="1"/>
      <node ref="D2" pin="1"/>
      <node ref="D4" pin="1"/>
      <node ref="D12" pin="1"/>
      <node ref="Q1" pin="2"/>
      <node ref="D8" pin="1"/>
    </net>
    <net code="42" name="Net-(D8-Pad2)">
      <node ref="R13" pin="2"/>
      <node ref="D8" pin="2"/>
    </net>
    <net code="43" name="Net-(D12-Pad2)">
      <node ref="D12" pin="2"/>
      <node ref="R17" pin="2"/>
    </net>
    <net code="44" name="Net-(IC3-Pad6)">
      <node ref="P5" pin="7"/>
      <node ref="IC3" pin="6"/>
    </net>
    <net code="45" name="Net-(P5-Pad6)">
      <node ref="P5" pin="6"/>
      <node ref="P5" pin="8"/>
      <node ref="P6" pin="3"/>
    </net>
    <net code="46" name="Net-(IC2-Pad6)">
      <node ref="P5" pin="5"/>
      <node ref="IC2" pin="6"/>
    </net>
    <net code="47" name="Net-(Q2-Pad1)">
      <node ref="Q2" pin="1"/>
      <node ref="R20" pin="2"/>
    </net>
    <net code="48" name="Net-(D7-Pad2)">
      <node ref="R14" pin="2"/>
      <node ref="D7" pin="2"/>
    </net>
    <net code="49" name="Net-(D11-Pad2)">
      <node ref="R18" pin="2"/>
      <node ref="D11" pin="2"/>
    </net>
    <net code="50" name="Net-(IC2-Pad7)">
      <node ref="IC2" pin="7"/>
      <node ref="P4" pin="2"/>
      <node ref="P3" pin="2"/>
      <node ref="IC3" pin="7"/>
      <node ref="P6" pin="5"/>
    </net>
    <net code="51" name="Net-(D1-Pad1)">
      <node ref="D7" pin="1"/>
      <node ref="D5" pin="1"/>
      <node ref="D1" pin="1"/>
      <node ref="D3" pin="1"/>
      <node ref="Q2" pin="2"/>
      <node ref="D9" pin="1"/>
      <node ref="D11" pin="1"/>
    </net>
    <net code="52" name="Net-(D1-Pad2)">
      <node ref="D1" pin="2"/>
      <node ref="R8" pin="2"/>
    </net>
    <net code="53" name="Net-(D5-Pad2)">
      <node ref="R12" pin="2"/>
      <node ref="D5" pin="2"/>
    </net>
    <net code="54" name="Net-(IC2-Pad1)">
      <node ref="R20" pin="1"/>
      <node ref="IC3" pin="1"/>
      <node ref="R19" pin="1"/>
      <node ref="IC2" pin="1"/>
      <node ref="P6" pin="6"/>
    </net>
    <net code="55" name="Net-(D13-Pad1)">
      <node ref="D13" pin="1"/>
      <node ref="Q4" pin="2"/>
    </net>
    <net code="56" name="Net-(Q5-Pad1)">
      <node ref="Q5" pin="1"/>
      <node ref="R30" pin="1"/>
    </net>
    <net code="57" name="Net-(D14-Pad1)">
      <node ref="Q5" pin="2"/>
      <node ref="D14" pin="1"/>
    </net>
    <net code="58" name="Net-(Q4-Pad1)">
      <node ref="Q4" pin="1"/>
      <node ref="R29" pin="1"/>
    </net>
    <net code="59" name="Net-(R31-Pad1)">
      <node ref="R31" pin="1"/>
      <node ref="R32" pin="2"/>
    </net>
    <net code="60" name="Net-(D15-Pad2)">
      <node ref="R31" pin="2"/>
      <node ref="D15" pin="2"/>
    </net>
    <net code="61" name="Net-(D13-Pad2)">
      <node ref="D13" pin="2"/>
      <node ref="D15" pin="1"/>
    </net>
    <net code="62" name="Net-(R33-Pad2)">
      <node ref="R37" pin="1"/>
      <node ref="R33" pin="2"/>
    </net>
    <net code="63" name="Net-(D16-Pad2)">
      <node ref="R37" pin="2"/>
      <node ref="D16" pin="2"/>
    </net>
    <net code="64" name="Net-(D14-Pad2)">
      <node ref="D16" pin="1"/>
      <node ref="D14" pin="2"/>
    </net>
    <net code="65" name="Net-(M1-Pad1)">
      <node ref="U6" pin="6"/>
      <node ref="M1" pin="1"/>
    </net>
    <net code="66" name="/Motor/Styrning">
      <node ref="M2" pin="2"/>
      <node ref="R38" pin="1"/>
    </net>
    <net code="67" name="Net-(R38-Pad2)">
      <node ref="U6" pin="14"/>
      <node ref="R38" pin="2"/>
    </net>
    <net code="68" name="Net-(M2-Pad1)">
      <node ref="M2" pin="1"/>
      <node ref="R39" pin="1"/>
    </net>
    <net code="69" name="Net-(R39-Pad2)">
      <node ref="U6" pin="11"/>
      <node ref="R39" pin="2"/>
    </net>
    <net code="70" name="/Motor/Vroom">
      <node ref="M1" pin="2"/>
      <node ref="U6" pin="3"/>
    </net>
  </nets>
</export>
